condition,environment_seed,channel_seed,drop,delay,radius,final_entropy,F1,mission_return,episode_steps,measurement_count,path_length,messages_attempted,messages_range_eligible,messages_dropped,messages_delayed,messages_delivered,packet_delivery_ratio,effective_neighbor_degree,message_age_mean,message_age_max,communication_radius,normalized_communication_load,load_unit,pending_messages_discarded_at_episode_end,event_log
drop_0,15001,315001,0.0,0,25.0,0.2977446992143871,0.7155435131618231,5.70870167016983,15.0,60.0,300.0,180,110,0,0,110,1.0,1.8333333333333333,0.0,0,25.0,0.6111111111111112,MESSAGE_UNITS,0,D:\AgentData\RAC-MIPP\S3-R0\events\drop_0_15001.jsonl
drop_0,15002,315002,0.0,0,25.0,0.32287129398154407,0.8140402527854623,14.90489212796092,15.0,60.0,300.0,180,88,0,0,88,1.0,1.4666666666666666,0.0,0,25.0,0.4888888888888889,MESSAGE_UNITS,0,D:\AgentData\RAC-MIPP\S3-R0\events\drop_0_15002.jsonl
drop_0,15003,315003,0.0,0,25.0,0.22177586696275345,0.8141720190510855,12.22735907137394,15.0,60.0,300.0,180,98,0,0,98,1.0,1.6333333333333333,0.0,0,25.0,0.5444444444444444,MESSAGE_UNITS,0,D:\AgentData\RAC-MIPP\S3-R0\events\drop_0_15003.jsonl
drop_0,15004,315004,0.0,0,25.0,0.23638762169395464,0.7156470622987623,5.800756312906742,15.0,60.0,300.0,180,90,0,0,90,1.0,1.5,0.0,0,25.0,0.5,MESSAGE_UNITS,0,D:\AgentData\RAC-MIPP\S3-R0\events\drop_0_15004.jsonl
drop_0,15005,315005,0.0,0,25.0,0.31737474121605996,0.780909364649202,10.091020833700895,15.0,60.0,300.0,180,92,0,0,92,1.0,1.5333333333333334,0.0,0,25.0,0.5111111111111111,MESSAGE_UNITS,0,D:\AgentData\RAC-MIPP\S3-R0\events\drop_0_15005.jsonl
drop_0,15006,315006,0.0,0,25.0,0.2585963217455721,0.8202440213179069,13.914988592267036,15.0,60.0,300.0,180,90,0,0,90,1.0,1.5,0.0,0,25.0,0.5,MESSAGE_UNITS,0,D:\AgentData\RAC-MIPP\S3-R0\events\drop_0_15006.jsonl
drop_0,15007,315007,0.0,0,25.0,0.22135092911071702,0.8029281576612692,10.76642595604062,15.0,60.0,300.0,180,94,0,0,94,1.0,1.5666666666666667,0.0,0,25.0,0.5222222222222223,MESSAGE_UNITS,0,D:\AgentData\RAC-MIPP\S3-R0\events\drop_0_15007.jsonl
drop_0,15008,315008,0.0,0,25.0,0.24562864253688466,0.7749008294266138,9.810167156159878,15.0,60.0,300.0,180,82,0,0,82,1.0,1.3666666666666667,0.0,0,25.0,0.45555555555555555,MESSAGE_UNITS,0,D:\AgentData\RAC-MIPP\S3-R0\events\drop_0_15008.jsonl
drop_0,15009,315009,0.0,0,25.0,0.18495713792085963,0.7530608881493256,8.612301830202341,15.0,60.0,300.0,180,130,0,0,130,1.0,2.1666666666666665,0.0,0,25.0,0.7222222222222222,MESSAGE_UNITS,0,D:\AgentData\RAC-MIPP\S3-R0\events\drop_0_15009.jsonl
drop_0,15010,315010,0.0,0,25.0,0.1836232568517293,0.7356061629949994,7.838943172246218,15.0,60.0,300.0,180,132,0,0,132,1.0,2.2,0.0,0,25.0,0.7333333333333333,MESSAGE_UNITS,0,D:\AgentData\RAC-MIPP\S3-R0\events\drop_0_15010.jsonl
drop_0p1,15001,315001,0.1,0,25.0,0.2758477142735378,0.7242394065188932,6.125799275934696,15.0,60.0,300.0,180,122,15,0,107,0.8770491803278688,2.033333333333333,0.0,0,25.0,0.6777777777777778,MESSAGE_UNITS,0,D:\AgentData\RAC-MIPP\S3-R0\events\drop_0p1_15001.jsonl
drop_0p1,15002,315002,0.1,0,25.0,0.32287129398154407,0.8140402527854623,14.90489212796092,15.0,60.0,300.0,180,88,8,0,80,0.9090909090909091,1.4666666666666666,0.0,0,25.0,0.4888888888888889,MESSAGE_UNITS,0,D:\AgentData\RAC-MIPP\S3-R0\events\drop_0p1_15002.jsonl
drop_0p1,15003,315003,0.1,0,25.0,0.22575796798066808,0.8128376259402731,12.037927702069283,15.0,60.0,300.0,180,96,8,0,88,0.9166666666666666,1.6,0.0,0,25.0,0.5333333333333333,MESSAGE_UNITS,0,D:\AgentData\RAC-MIPP\S3-R0\events\drop_0p1_15003.jsonl
drop_0p1,15004,315004,0.1,0,25.0,0.23638762169395464,0.7156470622987623,5.800756312906742,15.0,60.0,300.0,180,90,6,0,84,0.9333333333333333,1.5,0.0,0,25.0,0.5,MESSAGE_UNITS,0,D:\AgentData\RAC-MIPP\S3-R0\events\drop_0p1_15004.jsonl
drop_0p1,15005,315005,0.1,0,25.0,0.31737474121605996,0.780909364649202,10.091020833700895,15.0,60.0,300.0,180,92,9,0,83,0.9021739130434783,1.5333333333333334,0.0,0,25.0,0.5111111111111111,MESSAGE_UNITS,0,D:\AgentData\RAC-MIPP\S3-R0\events\drop_0p1_15005.jsonl
drop_0p1,15006,315006,0.1,0,25.0,0.2585963217455721,0.8202440213179069,13.914988592267036,15.0,60.0,300.0,180,90,15,0,75,0.8333333333333334,1.5,0.0,0,25.0,0.5,MESSAGE_UNITS,0,D:\AgentData\RAC-MIPP\S3-R0\events\drop_0p1_15006.jsonl
drop_0p1,15007,315007,0.1,0,25.0,0.22135092911071702,0.8029281576612692,10.76642595604062,15.0,60.0,300.0,180,94,7,0,87,0.925531914893617,1.5666666666666667,0.0,0,25.0,0.5222222222222223,MESSAGE_UNITS,0,D:\AgentData\RAC-MIPP\S3-R0\events\drop_0p1_15007.jsonl
drop_0p1,15008,315008,0.1,0,25.0,0.24562864253688466,0.7749008294266138,9.810167156159878,15.0,60.0,300.0,180,82,9,0,73,0.8902439024390244,1.3666666666666667,0.0,0,25.0,0.45555555555555555,MESSAGE_UNITS,0,D:\AgentData\RAC-MIPP\S3-R0\events\drop_0p1_15008.jsonl
drop_0p1,15009,315009,0.1,0,25.0,0.18455958612107065,0.7481247532570074,8.605209385976195,15.0,60.0,300.0,180,130,14,0,116,0.8923076923076924,2.1666666666666665,0.0,0,25.0,0.7222222222222222,MESSAGE_UNITS,0,D:\AgentData\RAC-MIPP\S3-R0\events\drop_0p1_15009.jsonl
drop_0p1,15010,315010,0.1,0,25.0,0.1836232568517293,0.7356061629949994,7.838943172246218,15.0,60.0,300.0,180,132,11,0,121,0.9166666666666666,2.2,0.0,0,25.0,0.7333333333333333,MESSAGE_UNITS,0,D:\AgentData\RAC-MIPP\S3-R0\events\drop_0p1_15010.jsonl
drop_0p3,15001,315001,0.3,0,25.0,0.3353776230723084,0.7075188395943113,4.923749625682831,15.0,60.0,300.0,180,114,34,0,80,0.7017543859649122,1.9,0.0,0,25.0,0.6333333333333333,MESSAGE_UNITS,0,D:\AgentData\RAC-MIPP\S3-R0\events\drop_0p3_15001.jsonl
drop_0p3,15002,315002,0.3,0,25.0,0.3679360193754046,0.7913629233182615,12.87417047098279,15.0,60.0,300.0,180,88,32,0,56,0.6363636363636364,1.4666666666666666,0.0,0,25.0,0.4888888888888889,MESSAGE_UNITS,0,D:\AgentData\RAC-MIPP\S3-R0\events\drop_0p3_15002.jsonl
drop_0p3,15003,315003,0.3,0,25.0,0.2512417967521959,0.8050436383199135,11.217937253415585,15.0,60.0,300.0,180,94,33,0,61,0.648936170212766,1.5666666666666667,0.0,0,25.0,0.5222222222222223,MESSAGE_UNITS,0,D:\AgentData\RAC-MIPP\S3-R0\events\drop_0p3_15003.jsonl
drop_0p3,15004,315004,0.3,0,25.0,0.23638762169395464,0.7156470622987623,5.800756312906742,15.0,60.0,300.0,180,90,23,0,67,0.7444444444444445,1.5,0.0,0,25.0,0.5,MESSAGE_UNITS,0,D:\AgentData\RAC-MIPP\S3-R0\events\drop_0p3_15004.jsonl
drop_0p3,15005,315005,0.3,0,25.0,0.3985459275696721,0.7426526166021964,7.789085332304239,15.0,60.0,300.0,180,90,30,0,60,0.6666666666666666,1.5,0.0,0,25.0,0.5,MESSAGE_UNITS,0,D:\AgentData\RAC-MIPP\S3-R0\events\drop_0p3_15005.jsonl
drop_0p3,15006,315006,0.3,0,25.0,0.25440932989545484,0.8277504567087645,14.05648559704423,15.0,60.0,300.0,180,86,33,0,53,0.6162790697674418,1.4333333333333333,0.0,0,25.0,0.4777777777777778,MESSAGE_UNITS,0,D:\AgentData\RAC-MIPP\S3-R0\events\drop_0p3_15006.jsonl
drop_0p3,15007,315007,0.3,0,25.0,0.2208493233401555,0.8028847294379997,10.787506449967623,15.0,60.0,300.0,180,94,26,0,68,0.723404255319149,1.5666666666666667,0.0,0,25.0,0.5222222222222223,MESSAGE_UNITS,0,D:\AgentData\RAC-MIPP\S3-R0\events\drop_0p3_15007.jsonl
drop_0p3,15008,315008,0.3,0,25.0,0.24562864253688466,0.7749008294266138,9.810167156159878,15.0,60.0,300.0,180,82,28,0,54,0.6585365853658537,1.3666666666666667,0.0,0,25.0,0.45555555555555555,MESSAGE_UNITS,0,D:\AgentData\RAC-MIPP\S3-R0\events\drop_0p3_15008.jsonl
drop_0p3,15009,315009,0.3,0,25.0,0.1950600259162415,0.7426140898790934,8.381042011082172,15.0,60.0,300.0,180,132,44,0,88,0.6666666666666666,2.2,0.0,0,25.0,0.7333333333333333,MESSAGE_UNITS,0,D:\AgentData\RAC-MIPP\S3-R0\events\drop_0p3_15009.jsonl
drop_0p3,15010,315010,0.3,0,25.0,0.18632808653917757,0.739669700033704,7.796197261661291,15.0,60.0,300.0,180,132,32,0,100,0.7575757575757576,2.2,0.0,0,25.0,0.7333333333333333,MESSAGE_UNITS,0,D:\AgentData\RAC-MIPP\S3-R0\events\drop_0p3_15010.jsonl
drop_0p5,15001,315001,0.5,0,25.0,0.3051037944587273,0.7210927681450352,5.996696822345257,15.0,60.0,300.0,180,112,57,0,55,0.49107142857142855,1.8666666666666667,0.0,0,25.0,0.6222222222222222,MESSAGE_UNITS,0,D:\AgentData\RAC-MIPP\S3-R0\events\drop_0p5_15001.jsonl
drop_0p5,15002,315002,0.5,0,25.0,0.3668919984144759,0.7928600130501621,12.946642700582743,15.0,60.0,300.0,180,94,51,0,43,0.4574468085106383,1.5666666666666667,0.0,0,25.0,0.5222222222222223,MESSAGE_UNITS,0,D:\AgentData\RAC-MIPP\S3-R0\events\drop_0p5_15002.jsonl
drop_0p5,15003,315003,0.5,0,25.0,0.2511570895877738,0.8050896060534658,11.22404370084405,15.0,60.0,300.0,180,92,48,0,44,0.4782608695652174,1.5333333333333334,0.0,0,25.0,0.5111111111111111,MESSAGE_UNITS,0,D:\AgentData\RAC-MIPP\S3-R0\events\drop_0p5_15003.jsonl
drop_0p5,15004,315004,0.5,0,25.0,0.30024263504668625,0.7120999334762362,5.413053471595049,15.0,60.0,300.0,180,80,36,0,44,0.55,1.3333333333333333,0.0,0,25.0,0.4444444444444444,MESSAGE_UNITS,0,D:\AgentData\RAC-MIPP\S3-R0\events\drop_0p5_15004.jsonl
drop_0p5,15005,315005,0.5,0,25.0,0.3985459275696721,0.7426526166021964,7.789085332304239,15.0,60.0,300.0,180,90,47,0,43,0.4777777777777778,1.5,0.0,0,25.0,0.5,MESSAGE_UNITS,0,D:\AgentData\RAC-MIPP\S3-R0\events\drop_0p5_15005.jsonl
drop_0p5,15006,315006,0.5,0,25.0,0.25440932989545484,0.8277504567087645,14.05648559704423,15.0,60.0,300.0,180,86,48,0,38,0.4418604651162791,1.4333333333333333,0.0,0,25.0,0.4777777777777778,MESSAGE_UNITS,0,D:\AgentData\RAC-MIPP\S3-R0\events\drop_0p5_15006.jsonl
drop_0p5,15007,315007,0.5,0,25.0,0.2208493233401555,0.8028847294379997,10.787506449967623,15.0,60.0,300.0,180,94,47,0,47,0.5,1.5666666666666667,0.0,0,25.0,0.5222222222222223,MESSAGE_UNITS,0,D:\AgentData\RAC-MIPP\S3-R0\events\drop_0p5_15007.jsonl
drop_0p5,15008,315008,0.5,0,25.0,0.24562864253688466,0.7749008294266138,9.810167156159878,15.0,60.0,300.0,180,82,45,0,37,0.45121951219512196,1.3666666666666667,0.0,0,25.0,0.45555555555555555,MESSAGE_UNITS,0,D:\AgentData\RAC-MIPP\S3-R0\events\drop_0p5_15008.jsonl
drop_0p5,15009,315009,0.5,0,25.0,0.270525499178195,0.7275945743816549,6.491498753428459,15.0,60.0,300.0,180,122,65,0,57,0.4672131147540984,2.033333333333333,0.0,0,25.0,0.6777777777777778,MESSAGE_UNITS,0,D:\AgentData\RAC-MIPP\S3-R0\events\drop_0p5_15009.jsonl
drop_0p5,15010,315010,0.5,0,25.0,0.18312080181702722,0.7355919222408686,7.855416057631373,15.0,60.0,300.0,180,132,62,0,70,0.5303030303030303,2.2,0.0,0,25.0,0.7333333333333333,MESSAGE_UNITS,0,D:\AgentData\RAC-MIPP\S3-R0\events\drop_0p5_15010.jsonl
delay_1,15001,315001,0.0,1,25.0,0.3748412485552459,0.7223684829110056,4.256062049418688,15.0,60.0,300.0,180,116,0,116,106,0.9137931034482759,1.9333333333333333,1.0,1,25.0,0.6444444444444445,MESSAGE_UNITS,10,D:\AgentData\RAC-MIPP\S3-R0\events\delay_1_15001.jsonl
delay_1,15002,315002,0.0,1,25.0,0.33967412639329714,0.8063235651949693,13.884801227599382,15.0,60.0,300.0,180,92,0,92,86,0.9347826086956522,1.5333333333333334,1.0,1,25.0,0.5111111111111111,MESSAGE_UNITS,6,D:\AgentData\RAC-MIPP\S3-R0\events\delay_1_15002.jsonl
delay_1,15003,315003,0.0,1,25.0,0.20662781800870442,0.8194309482876125,12.702136516571045,15.0,60.0,300.0,180,94,0,94,88,0.9361702127659575,1.5666666666666667,1.0,1,25.0,0.5222222222222223,MESSAGE_UNITS,6,D:\AgentData\RAC-MIPP\S3-R0\events\delay_1_15003.jsonl
delay_1,15004,315004,0.0,1,25.0,0.24513108083421664,0.7047314785344967,5.829140841960907,15.0,60.0,300.0,180,100,0,100,94,0.94,1.6666666666666667,1.0,1,25.0,0.5555555555555556,MESSAGE_UNITS,6,D:\AgentData\RAC-MIPP\S3-R0\events\delay_1_15004.jsonl
delay_1,15005,315005,0.0,1,25.0,0.3019397914502247,0.7777073332729524,10.628723531961441,15.0,60.0,300.0,180,94,0,94,88,0.9361702127659575,1.5666666666666667,1.0,1,25.0,0.5222222222222223,MESSAGE_UNITS,6,D:\AgentData\RAC-MIPP\S3-R0\events\delay_1_15005.jsonl
delay_1,15006,315006,0.0,1,25.0,0.2603113680486244,0.8260451993161522,13.858698036521673,15.0,60.0,300.0,180,88,0,88,84,0.9545454545454546,1.4666666666666666,1.0,1,25.0,0.4888888888888889,MESSAGE_UNITS,4,D:\AgentData\RAC-MIPP\S3-R0\events\delay_1_15006.jsonl
delay_1,15007,315007,0.0,1,25.0,0.22135092911071702,0.8029281576612692,10.76642595604062,15.0,60.0,300.0,180,94,0,94,88,0.9361702127659575,1.5666666666666667,1.0,1,25.0,0.5222222222222223,MESSAGE_UNITS,6,D:\AgentData\RAC-MIPP\S3-R0\events\delay_1_15007.jsonl
delay_1,15008,315008,0.0,1,25.0,0.33043057352030986,0.7360364971846874,7.632869329303503,15.0,60.0,300.0,180,90,0,90,84,0.9333333333333333,1.5,1.0,1,25.0,0.5,MESSAGE_UNITS,6,D:\AgentData\RAC-MIPP\S3-R0\events\delay_1_15008.jsonl
delay_1,15009,315009,0.0,1,25.0,0.2517712998932157,0.7411291046115198,7.182411499321461,15.0,60.0,300.0,180,126,0,126,114,0.9047619047619048,2.1,1.0,1,25.0,0.7,MESSAGE_UNITS,12,D:\AgentData\RAC-MIPP\S3-R0\events\delay_1_15009.jsonl
delay_1,15010,315010,0.0,1,25.0,0.26638853797758333,0.7333730231242153,6.001512456685305,15.0,60.0,300.0,180,130,0,130,118,0.9076923076923077,2.1666666666666665,1.0,1,25.0,0.7222222222222222,MESSAGE_UNITS,12,D:\AgentData\RAC-MIPP\S3-R0\events\delay_1_15010.jsonl
delay_3,15001,315001,0.0,3,25.0,0.42139028573909154,0.7126545340065628,3.4754638765007257,15.0,60.0,300.0,180,116,0,116,82,0.7068965517241379,1.9333333333333333,3.0,3,25.0,0.6444444444444445,MESSAGE_UNITS,34,D:\AgentData\RAC-MIPP\S3-R0\events\delay_3_15001.jsonl
delay_3,15002,315002,0.0,3,25.0,0.4361755566937579,0.7599743551807466,10.244151670485735,15.0,60.0,300.0,180,96,0,96,66,0.6875,1.6,3.0,3,25.0,0.5333333333333333,MESSAGE_UNITS,30,D:\AgentData\RAC-MIPP\S3-R0\events\delay_3_15002.jsonl
delay_3,15003,315003,0.0,3,25.0,0.2584471456893439,0.807623421761952,10.989817306399345,15.0,60.0,300.0,180,92,0,92,76,0.8260869565217391,1.5333333333333334,3.0,3,25.0,0.5111111111111111,MESSAGE_UNITS,16,D:\AgentData\RAC-MIPP\S3-R0\events\delay_3_15003.jsonl
delay_3,15004,315004,0.0,3,25.0,0.4555465240041063,0.6401414230696383,2.1773979756981134,15.0,60.0,300.0,180,122,0,122,98,0.8032786885245902,2.033333333333333,3.0,3,25.0,0.6777777777777778,MESSAGE_UNITS,24,D:\AgentData\RAC-MIPP\S3-R0\events\delay_3_15004.jsonl
delay_3,15005,315005,0.0,3,25.0,0.4072008743071527,0.7387342112938325,7.588446918874979,15.0,60.0,300.0,180,78,0,78,60,0.7692307692307693,1.3,3.0,3,25.0,0.43333333333333335,MESSAGE_UNITS,18,D:\AgentData\RAC-MIPP\S3-R0\events\delay_3_15005.jsonl
delay_3,15006,315006,0.0,3,25.0,0.24304871703255626,0.8292342412019245,14.523763131350279,15.0,60.0,300.0,180,86,0,86,74,0.8604651162790697,1.4333333333333333,3.0,3,25.0,0.4777777777777778,MESSAGE_UNITS,12,D:\AgentData\RAC-MIPP\S3-R0\events\delay_3_15006.jsonl
delay_3,15007,315007,0.0,3,25.0,0.2481253633205559,0.7947303306918113,9.97846094891429,15.0,60.0,300.0,180,94,0,94,76,0.8085106382978723,1.5666666666666667,3.0,3,25.0,0.5222222222222223,MESSAGE_UNITS,18,D:\AgentData\RAC-MIPP\S3-R0\events\delay_3_15007.jsonl
delay_3,15008,315008,0.0,3,25.0,0.3209239056844528,0.7540206956738561,8.36616188660264,15.0,60.0,300.0,180,70,0,70,56,0.8,1.1666666666666667,3.0,3,25.0,0.3888888888888889,MESSAGE_UNITS,14,D:\AgentData\RAC-MIPP\S3-R0\events\delay_3_15008.jsonl
delay_3,15009,315009,0.0,3,25.0,0.2472268256952654,0.7481440980344631,7.460876148194075,15.0,60.0,300.0,180,124,0,124,88,0.7096774193548387,2.066666666666667,3.0,3,25.0,0.6888888888888889,MESSAGE_UNITS,36,D:\AgentData\RAC-MIPP\S3-R0\events\delay_3_15009.jsonl
delay_3,15010,315010,0.0,3,25.0,0.29453575953919564,0.7278027841535756,5.539216928184032,15.0,60.0,300.0,180,124,0,124,88,0.7096774193548387,2.066666666666667,3.0,3,25.0,0.6888888888888889,MESSAGE_UNITS,36,D:\AgentData\RAC-MIPP\S3-R0\events\delay_3_15010.jsonl
delay_5,15001,315001,0.0,5,25.0,0.38729344675754923,0.7176195470051471,4.3173150438815355,15.0,60.0,300.0,180,118,0,118,58,0.4915254237288136,1.9666666666666666,5.0,5,25.0,0.6555555555555556,MESSAGE_UNITS,60,D:\AgentData\RAC-MIPP\S3-R0\events\delay_5_15001.jsonl
delay_5,15002,315002,0.0,5,25.0,0.44214625432027965,0.7546025359668374,10.04623043909669,15.0,60.0,300.0,180,84,0,84,44,0.5238095238095238,1.4,5.0,5,25.0,0.4666666666666667,MESSAGE_UNITS,40,D:\AgentData\RAC-MIPP\S3-R0\events\delay_5_15002.jsonl
delay_5,15003,315003,0.0,5,25.0,0.25921354962679205,0.807623421761952,10.958939991891384,15.0,60.0,300.0,180,94,0,94,64,0.6808510638297872,1.5666666666666667,5.0,5,25.0,0.5222222222222223,MESSAGE_UNITS,30,D:\AgentData\RAC-MIPP\S3-R0\events\delay_5_15003.jsonl
delay_5,15004,315004,0.0,5,25.0,0.5104039967806211,0.6318644964933174,1.2863147873431444,15.0,60.0,300.0,180,126,0,126,76,0.6031746031746031,2.1,5.0,5,25.0,0.7,MESSAGE_UNITS,50,D:\AgentData\RAC-MIPP\S3-R0\events\delay_5_15004.jsonl
delay_5,15005,315005,0.0,5,25.0,0.3850857109591866,0.7528444410533072,8.427198885008693,15.0,60.0,300.0,180,72,0,72,42,0.5833333333333334,1.2,5.0,5,25.0,0.4,MESSAGE_UNITS,30,D:\AgentData\RAC-MIPP\S3-R0\events\delay_5_15005.jsonl
delay_5,15006,315006,0.0,5,25.0,0.25617113192316354,0.8307180368717374,13.977006506174803,15.0,60.0,300.0,180,86,0,86,62,0.7209302325581395,1.4333333333333333,5.0,5,25.0,0.4777777777777778,MESSAGE_UNITS,24,D:\AgentData\RAC-MIPP\S3-R0\events\delay_5_15006.jsonl
delay_5,15007,315007,0.0,5,25.0,0.2481253633205559,0.7947303306918113,9.97846094891429,15.0,60.0,300.0,180,94,0,94,64,0.6808510638297872,1.5666666666666667,5.0,5,25.0,0.5222222222222223,MESSAGE_UNITS,30,D:\AgentData\RAC-MIPP\S3-R0\events\delay_5_15007.jsonl
delay_5,15008,315008,0.0,5,25.0,0.32989286725960626,0.752883733287882,8.08217628672719,15.0,60.0,300.0,180,70,0,70,38,0.5428571428571428,1.1666666666666667,5.0,5,25.0,0.3888888888888889,MESSAGE_UNITS,32,D:\AgentData\RAC-MIPP\S3-R0\events\delay_5_15008.jsonl
delay_5,15009,315009,0.0,5,25.0,0.25766780497179703,0.7332677165354331,7.427758228033781,15.0,60.0,300.0,180,124,0,124,64,0.5161290322580645,2.066666666666667,5.0,5,25.0,0.6888888888888889,MESSAGE_UNITS,60,D:\AgentData\RAC-MIPP\S3-R0\events\delay_5_15009.jsonl
delay_5,15010,315010,0.0,5,25.0,0.2905329820470121,0.7033782255087582,5.839613433927298,15.0,60.0,300.0,180,114,0,114,62,0.543859649122807,1.9,5.0,5,25.0,0.6333333333333333,MESSAGE_UNITS,52,D:\AgentData\RAC-MIPP\S3-R0\events\delay_5_15010.jsonl
joint_0p3_d3,15001,315001,0.3,3,25.0,0.4692373423975464,0.6971931918139375,2.3605247884988785,15.0,60.0,300.0,180,112,32,80,55,0.49107142857142855,1.8666666666666667,3.0,3,25.0,0.6222222222222222,MESSAGE_UNITS,25,D:\AgentData\RAC-MIPP\S3-R0\events\joint_0p3_d3_15001.jsonl
joint_0p3_d3,15002,315002,0.3,3,25.0,0.43956532403573095,0.7567483274189193,10.13798176124692,15.0,60.0,300.0,180,84,31,53,39,0.4642857142857143,1.4,3.0,3,25.0,0.4666666666666667,MESSAGE_UNITS,14,D:\AgentData\RAC-MIPP\S3-R0\events\joint_0p3_d3_15002.jsonl
joint_0p3_d3,15003,315003,0.3,3,25.0,0.2399448115278868,0.805262923945415,11.626048505306244,15.0,60.0,300.0,180,94,33,61,48,0.5106382978723404,1.5666666666666667,3.0,3,25.0,0.5222222222222223,MESSAGE_UNITS,13,D:\AgentData\RAC-MIPP\S3-R0\events\joint_0p3_d3_15003.jsonl
joint_0p3_d3,15004,315004,0.3,3,25.0,0.44248976167992266,0.647144911969951,2.4419073779135942,15.0,60.0,300.0,180,122,34,88,72,0.5901639344262295,2.033333333333333,3.0,3,25.0,0.6777777777777778,MESSAGE_UNITS,16,D:\AgentData\RAC-MIPP\S3-R0\events\joint_0p3_d3_15004.jsonl
joint_0p3_d3,15005,315005,0.3,3,25.0,0.39969623036689567,0.7466927757435946,7.855681739747524,15.0,60.0,300.0,180,76,26,50,39,0.5131578947368421,1.2666666666666666,3.0,3,25.0,0.4222222222222222,MESSAGE_UNITS,11,D:\AgentData\RAC-MIPP\S3-R0\events\joint_0p3_d3_15005.jsonl
joint_0p3_d3,15006,315006,0.3,3,25.0,0.25278894601199153,0.8255783562880654,14.124907623976469,15.0,60.0,300.0,180,86,33,53,45,0.5232558139534884,1.4333333333333333,3.0,3,25.0,0.4777777777777778,MESSAGE_UNITS,8,D:\AgentData\RAC-MIPP\S3-R0\events\joint_0p3_d3_15006.jsonl
joint_0p3_d3,15007,315007,0.3,3,25.0,0.2208493233401555,0.8028847294379997,10.787506449967623,15.0,60.0,300.0,180,94,26,68,56,0.5957446808510638,1.5666666666666667,3.0,3,25.0,0.5222222222222223,MESSAGE_UNITS,12,D:\AgentData\RAC-MIPP\S3-R0\events\joint_0p3_d3_15007.jsonl
joint_0p3_d3,15008,315008,0.3,3,25.0,0.3209239056844528,0.7540206956738561,8.36616188660264,15.0,60.0,300.0,180,70,22,48,38,0.5428571428571428,1.1666666666666667,3.0,3,25.0,0.3888888888888889,MESSAGE_UNITS,10,D:\AgentData\RAC-MIPP\S3-R0\events\joint_0p3_d3_15008.jsonl
joint_0p3_d3,15009,315009,0.3,3,25.0,0.25773900898198726,0.7417181772341234,7.2178135849535465,15.0,60.0,300.0,180,124,42,82,58,0.46774193548387094,2.066666666666667,3.0,3,25.0,0.6888888888888889,MESSAGE_UNITS,24,D:\AgentData\RAC-MIPP\S3-R0\events\joint_0p3_d3_15009.jsonl
joint_0p3_d3,15010,315010,0.3,3,25.0,0.311895529299821,0.6994837286131378,5.217696778476238,15.0,60.0,300.0,180,124,31,93,64,0.5161290322580645,2.066666666666667,3.0,3,25.0,0.6888888888888889,MESSAGE_UNITS,29,D:\AgentData\RAC-MIPP\S3-R0\events\joint_0p3_d3_15010.jsonl
joint_0p5_d5,15001,315001,0.5,5,25.0,0.4146859838378969,0.7100964995498299,3.7244595801457763,15.0,60.0,300.0,180,112,57,55,25,0.22321428571428573,1.8666666666666667,5.0,5,25.0,0.6222222222222222,MESSAGE_UNITS,30,D:\AgentData\RAC-MIPP\S3-R0\events\joint_0p5_d5_15001.jsonl
joint_0p5_d5,15002,315002,0.5,5,25.0,0.4361755566937579,0.7599743551807466,10.244151670485735,15.0,60.0,300.0,180,96,53,43,19,0.19791666666666666,1.6,5.0,5,25.0,0.5333333333333333,MESSAGE_UNITS,24,D:\AgentData\RAC-MIPP\S3-R0\events\joint_0p5_d5_15002.jsonl
joint_0p5_d5,15003,315003,0.5,5,25.0,0.25921354962679205,0.807623421761952,10.958939991891384,15.0,60.0,300.0,180,94,49,45,30,0.3191489361702128,1.5666666666666667,5.0,5,25.0,0.5222222222222223,MESSAGE_UNITS,15,D:\AgentData\RAC-MIPP\S3-R0\events\joint_0p5_d5_15003.jsonl
joint_0p5_d5,15004,315004,0.5,5,25.0,0.5104039967806211,0.6271053996729858,1.3115643821656704,15.0,60.0,300.0,180,114,50,64,42,0.3684210526315789,1.9,5.0,5,25.0,0.6333333333333333,MESSAGE_UNITS,22,D:\AgentData\RAC-MIPP\S3-R0\events\joint_0p5_d5_15004.jsonl
joint_0p5_d5,15005,315005,0.5,5,25.0,0.38148917724685233,0.7555032045109482,8.541674356907606,15.0,60.0,300.0,180,70,37,33,21,0.3,1.1666666666666667,5.0,5,25.0,0.3888888888888889,MESSAGE_UNITS,12,D:\AgentData\RAC-MIPP\S3-R0\events\joint_0p5_d5_15005.jsonl
joint_0p5_d5,15006,315006,0.5,5,25.0,0.25222649333046027,0.8248473152097083,14.151159729808569,15.0,60.0,300.0,180,86,48,38,28,0.32558139534883723,1.4333333333333333,5.0,5,25.0,0.4777777777777778,MESSAGE_UNITS,10,D:\AgentData\RAC-MIPP\S3-R0\events\joint_0p5_d5_15006.jsonl
joint_0p5_d5,15007,315007,0.5,5,25.0,0.24832015219999984,0.7946744629319117,9.9707104973495,15.0,60.0,300.0,180,92,46,46,33,0.358695652173913,1.5333333333333334,5.0,5,25.0,0.5111111111111111,MESSAGE_UNITS,13,D:\AgentData\RAC-MIPP\S3-R0\events\joint_0p5_d5_15007.jsonl
joint_0p5_d5,15008,315008,0.5,5,25.0,0.32989286725960626,0.752883733287882,8.08217628672719,15.0,60.0,300.0,180,70,37,33,19,0.2714285714285714,1.1666666666666667,5.0,5,25.0,0.3888888888888889,MESSAGE_UNITS,14,D:\AgentData\RAC-MIPP\S3-R0\events\joint_0p5_d5_15008.jsonl
joint_0p5_d5,15009,315009,0.5,5,25.0,0.30139185535589263,0.706945673584744,6.419337097555399,15.0,60.0,300.0,180,124,66,58,29,0.23387096774193547,2.066666666666667,5.0,5,25.0,0.6888888888888889,MESSAGE_UNITS,29,D:\AgentData\RAC-MIPP\S3-R0\events\joint_0p5_d5_15009.jsonl
joint_0p5_d5,15010,315010,0.5,5,25.0,0.3201122456592524,0.6995105198511393,5.289301376789808,15.0,60.0,300.0,180,108,51,57,37,0.3425925925925926,1.8,5.0,5,25.0,0.6,MESSAGE_UNITS,20,D:\AgentData\RAC-MIPP\S3-R0\events\joint_0p5_d5_15010.jsonl
